RPM,Mass Flow [g/min]
0.5,4.576785006086334
1.0,4.5393327108656445
1.5,4.450673047334997
2.0,4.967176432251227
3.0,5.510374323979778
