RPM,Mass Flow [g/min]
0.5,2.5565637751683696
1.0,9.021577754486994
1.5,13.630651599328026
2.0,21.24627099157927
3.0,34.93247424932671
