RPM,Mass Flow [g/min]
0.5,5.324033500169822
1.0,7.039731012616693
1.5,8.68287447016212
2.0,11.069249127781644
3.0,14.43038038834938
