RPM,(230123) Powder Flow Measurement_IN718_5LPM,(230306) 1_Powder_mass_flow_PML_SS316L,(230306) 2_Powder_mass_flow_PML_SS316L_0.1-0.5
0.5,2.5565637751683696,5.324033500169822,4.576785006086334
1.0,9.021577754486994,7.039731012616693,4.5393327108656445
1.5,13.630651599328026,8.68287447016212,4.450673047334997
2.0,21.24627099157927,11.069249127781644,4.967176432251227
3.0,34.93247424932671,14.43038038834938,5.510374323979778
