RPM,Mass Flow [g/min]
0.5,2.5047539571672166
1.0,9.195159525681943
1.5,14.166320818376567
2.0,20.671835337931714
3.0,35.9755410561412
