RPM,Mass Flow [g/min]
0.1,0.8170923064649355
0.2,1.1905227375127714
0.3,2.5036143862419578
