RPM,Mass Flow [g/min]
0.1,2.0198446449682623
0.2,2.4466589699577472
0.3,3.169988782550956
0.4,4.075013036944062
0.5,4.507264048904007
