RPM,Mass Flow [g/min]
0.1,2.347278689070901
0.2,2.0004082900679214
0.3,2.9344785099149875
0.4,3.532369772095341
0.5,4.3091186261038015
