RPM,Mass Flow [g/min]
0.1,3.6990588803414193
0.2,3.960073043684418
0.3,4.722728165512981
0.4,5.043541979927051
0.5,5.60298870140882
