RPM,(230306) 2_Powder_mass_flow_PML_SS316L_0.1-0.5,(230306) 3_Powder_mass_flow_PML_Nb_0.1-0.5,(230306) 4_Powder_mass_flow_PML_Nb_0.1-0.5
0.1,3.6990588803414193,2.0198446449682623,2.347278689070901
0.2,3.960073043684418,2.4466589699577472,2.0004082900679214
0.3,4.722728165512981,3.169988782550956,2.9344785099149875
0.4,5.043541979927051,4.075013036944062,3.532369772095341
0.5,5.60298870140882,4.507264048904007,4.3091186261038015
