RPM,Mass Flow [g/min]
0.5,3.897228848635595
1.0,9.436802422977763
1.5,14.824353989637423
2.0,21.56672901535613
3.0,33.6730541496993
